Timestamp,Email Address,Nombre de tu usuario de Discord,Fecha de tu nacimiento,Dinos tu ID64 de Steam,Te encuentras a punto de asaltar un grupo de personas que se encuentran frente a la tienda de ropa y debes redactar el mensaje de /testigo antes de iniciar el robo. Escribe a continuación como lo redactarías:,Estabas ingresando a una casa por medio de un TP y de pronto tu personaje aparece bajo el suelo. ¿Cómo procederías para solicitar ayuda?,"Te ha pareado el caballo y te ha quitado la mitad del núcleo de vida. Entras en la clínica, envías un /auxilio para solicitar un médico y pasados 10 minutos, nadie te envía respuesta ni aparece nadie para asistirte en la clínica. ¿Qué podrías hacer?",¿Has roleado con anterioridad? ¿Dónde?,Nombre de tu usuario de Discord,Fecha de tu nacimiento,Dinos tu ID64 de Steam,Te encuentras a punto de asaltar un grupo de personas que se encuentran frente a la tienda de ropa y debes redactar el mensaje de /testigo antes de iniciar el robo. Escribe a continuación como lo redactarías:,Estabas ingresando a una casa por medio de un TP y de pronto tu personaje aparece bajo el suelo. ¿Cómo procederías para solicitar ayuda?,"Te ha pareado el caballo y te ha quitado la mitad del núcleo de vida. Entras en la clínica, envías un /auxilio para solicitar un médico y pasados 10 minutos, nadie te envía respuesta ni aparece nadie para asistirte en la clínica. ¿Qué podrías hacer?",¿Has roleado con anterioridad? ¿Dónde?,¿Qué son las escenas de entorno y para qué se usan?,"Tu personaje es un hombre violento, recién escapado del sanatorio federal por agresiones múltiples. Por IDP, tu personaje es exremadamente violento, y un asesino cruel. Llegas a Blackwater donde te encuentras con un grupo de doctores que recuerdan a tu personaje a su tiempo en el sanatorio, movido por la ira, comienzas a disparar a todos ellos ejecutandolos uno a uno como venganza por todo lo que te hicieron. ¿Cambiarías algo de este rol?",¿Qué debemos tener en cuenta para adquirir una propiedad IC?,"Te encuentras por realizar un robo en la barbería, por lo que tras colocarte la bandana entras al local y activas el testigo automático. Cuando giras la cámara encuentras un player que se estaba cambiando el peinado, y no lo has visto, por lo que en cuanto sale del menú le apuntas y le disparas rápidamente para dejarlo en PK y asegurar la zona. Una vez terminas el robo, y realizas la negociación con los sheriff procedes a la huida, lanzando el /huida en el momento que comienzas a correr con el caballo, ¿Cuál es el error en este rol?",¿Se puede enviar un /auxilio desde una zona sin testigo?,"Tu banda criminal, formada por 5 integrantes, se encuentra en mitad de un tiroteo con una banda rival en el que son 2 personas únicamente. Conseguís abatirlos con facilidad, pero uno de tus compañeros es abatido. En ese momento decides criticar la habilidad con el revolver de tu compañero por el comando /MD (mensaje privado). ¿Crees que este rol se salta algún aspecto de la normativa?",¿Se puede robar a un médico estando de servicio? ¿y secuestrarle mientras está de servicio?,"¿Puedes ejecutar a una persona que has empujado ""sin querer"" con la animación de derribar y ahora esta se encuentra en el suelo? ¿por qué?",¿Cómo se debe actuar si un jugador desconecta durante un rol en curso?,¿Qué procedimientos deben seguirse al realizar un secuestro dentro del juego?,¿Cómo se debe actuar si un jugador desconecta durante un rol en curso?,"Te encuentras por realizar un robo en la barbería, por lo que tras colocarte la bandana entras al local y activas el testigo automático. Cuando giras la cámara encuentras un player que se estaba cambiando el peinado, y no lo has visto, por lo que en cuanto sale del menú le apuntas y le disparas rápidamente para dejarlo en PK y asegurar la zona. Una vez terminas el robo, y realizas la negociación con los sheriff procedes a la huida, lanzando el /huida en el momento que comienzas a correr con el caballo, ¿Cuál es el error en este rol?","¿Qué se considera ""Evasión de rol"" y cómo debe evitarse?","Tu personaje es un hombre violento, recién escapado del sanatorio federal por agresiones múltiples. Por IDP, tu personaje es exremadamente violento, y un asesino cruel. Llegas a Blackwater donde te encuentras con un grupo de doctores que recuerdan a tu personaje a su tiempo en el sanatorio, movido por la ira, comienzas a disparar a todos ellos ejecutandolos uno a uno como venganza por todo lo que te hicieron. ¿Cambiarías algo de este rol?","¿Qué acciones constituyen ""PowerGaming"" durante una persecución?",Acabas de tener un rol en el que tu personaje ha discutido con otro personaje por un malentendido. Desafortunadamente no encontrais un acuerdo entre ambos personajes. Decides escribir un mensaje al otro jugador por discord para tratar de buscar una solucion al problema que han tenido vuestros personajes. ¿Es correcto realizar esto?,¿Cómo se debe actuar al interpretar un personaje con discapacidad o condición especial?,"¿Qué acciones constituyen ""PowerGaming"" durante una persecución?","Te encuentras mirando un stream de un jugador que rolea en el servidor y escuchas que hablan de tu personaje, diciendo que los precios de tu establo son muy caros y que los caballos que vendes son de baja calidad. El comentario te molesta, por lo que entiendes que lo mejor es alejarte de estos otros personajes, así que la siguiente vez que entras al juego, tu personaje decide no venderle más caballos a esos dos personajes que mantenían la conversación. Cuando se le pregunta a tu PJ el por qué de esta decisión, menciona que ""un pajarito le ha contado que hablan mal de él"". ¿Es correcto este rol?","¿Qué es el ""Fair-Play"" y cómo se aplica en el roleplay?"
2/3/2026 0:44:51,Mikelilto.rp@gmail.com,mikelito.rp,8/15/1988,https://steamcommunity.com/profiles/76561198956288459/,"/testigo Se alcanza a ver a tres individuos con el rostro cubierto y actitud agresiva intimidando a un grupo de ciudadanos frente a la taberna de Valantine;  los asaltantes visten de negro con pañuelos negros en la cara, tienen dos purasangres uno negro y otro blanco uno apunta con  un revólver mientras el otro registra las pertenencias de las víctimas, quienes parecen aterrorizadas son un pequeño grupo de 3 mujeres vestidas de campesinas","En esta situación de bug, lo correcto es usar el comando /report para avisar al staff en el momento y, si no responden rápido, acudir al canal de soporte técnico o dudas de su discord.",pues podría usar el npc para revivirme pero eso no exime ni rolear el golpe ni tirar un /do se vería como el doctor aplica tratamiento en la zona de la contusión,"si, en RedM solo en Ley Salvaje (rolee de alienista Jefe, psicólogo y medico) en Garrys Mod Whizars y en FiveM bastantes servidores casi siempre como medico-Psicólogo o bombero o rol civil nunca bandas",,,,,,,,"Son mensajes que dejas mediante comandos para describir algo permanente o temporal en un lugar, como rastros de sangre o una puerta forzada. Sirven para que otros jugadores sepan qué pasó ahí aunque tú ya no estés presente
",Pues creo que no valorarías vida sin tener en cuenta el tiempo que debes esperar antes de disparar,Que debe ser acorde al IDP y que no se puede traspasar a ningún otro pj tuyo o de alguien,"l error es que has ido a saco para ganar el robo y te has pasado las normas por el forro.

Primero, le has metido un tiro al pobre tipo de la barbería nada más salir del menú sin decirle ni ""hola"". Tienes que darle al menos 6 segundos para que el tío se entere de qué va la película, le puedas amenazar y él pueda reaccionar; si lo matas así de primeras, es DM de manual.

Segundo, el /huida no es un botón de ""pise el acelerador y ya no me sigan"". No puedes tirarlo en cuanto arrancas el caballo; tienes que haber pillado ya una distancia buena y haber perdido de vista a los Sheriff un momento para que el aviso de huida tenga sentido",si para facilitar a los médicos pero si van es bajo responsabilidad de cada uno,"Ese rol se saltaría la normativa de toxicidad, ya que usar el /MD para criticar la habilidad de otro jugador crea mal ambiente fuera de personaje. También rompería la inmersión, porque en lugar de resolver el conflicto de forma interpretativa dentro del juego, lo llevas a un plano personal por privado.",No se puede. Los médicos de servicio son intocables para no dejar al servidor sin asistencia; robarles o secuestrarles está prohibido por normativa.,porque es falta de fair play tiene que levantarse y recomponerse en pos del rol,"Lo primero es mantener la calma y esperar unos minutos por si ha sido una caída de conexión accidental. Si el jugador no regresa, lo ideal es reportarlo a través de un ticket en Discord aportando pruebas (como clips o capturas) para que el staff decida si se debe retomar el rol más tarde o si se sanciona por evadir rol.","Para secuestrar a alguien necesitas un motivo IC sólido, darle sus 6 segundos para reaccionar y no retenerlo más tiempo del permitido (suele ser entre 30 y 60 minutos). Sobre todo, nada de hacerlo en zonas seguras y respeta la vida del otro si colabora.","**ESTA REPETIDA OJO COPIO PEGO DE ARRIBA**
Lo primero es mantener la calma y esperar unos minutos por si ha sido una caída de conexión accidental. Si el jugador no regresa, lo ideal es reportarlo a través de un ticket en Discord aportando pruebas (como clips o capturas) para que el staff decida si se debe retomar el rol más tarde o si se sanciona por evadir rol.","**ESTA REPETIDA OJO COPIO PEGO DE ARRIBA**
El error es que has ido a saco para ganar el robo y te has pasado las normas por el forro.

Primero, le has metido un tiro al pobre tipo de la barbería nada más salir del menú sin decirle ni ""hola"". Tienes que darle al menos 6 segundos para que el tío se entere de qué va la película, le puedas amenazar y él pueda reaccionar; si lo matas así de primeras, es DM de manual.

Segundo, el /huida no es un botón de ""pise el acelerador y ya no me sigan"". No puedes tirarlo en cuanto arrancas el caballo; tienes que haber pillado ya una distancia buena y haber perdido de vista a los Sheriff un momento para que el aviso de huida tenga sentido","La evasión de rol es salir de una escena para evitar consecuencias negativas, ya sea desconectándote, marchandote ignorando al otro o forzando la muerte de tu personaje","Ese rol es inviable. Por muy violento que sea tu personaje, las normas prohíben atacar a médicos de servicio y ejecutar a gente sin una interacción previa de peso, ya que se considera Deathmatch. La normativa del servidor siempre está por encima de tu historia personal.","El PowerGaming es hacer cosas de superhéroe que en la vida real te matarían solo para que no te pillen. Por ejemplo, pegarte un piñazo tremendo y seguir corriendo como si nada, o meter un carro por el monte a toda leche. Es básicamente pasarse las leyes de la física por el forro para ganar.","No, una cosa son los pj y otro las personas","La normativa demanda que la interpretación de cualquier condición sea realista y estable. El jugador debe comprometerse a representar esa limitación de forma continua, integrándola de manera seria en su día a día.","**ESTA REPETIDA OJO COPIO PEGO DE ARRIBA**
El PowerGaming es hacer cosas de superhéroe que en la vida real te matarían solo para que no te pillen. Por ejemplo, pegarte un piñazo tremendo y seguir corriendo como si nada, o meter un carro por el monte a toda leche. Es básicamente pasarse las leyes de la física por el forro para ganar.",No es MG de manual y además se sale de rol ,
2/3/2026 1:07:55,itsliagomez11@gmail.com,its_lia12,8/12/2000,76561198749547594,"/testigo Una individua encapuchada y armada  se acerca de forma sospechosa a un grupo de personas que se encuentran frente a una tienda de ropa, parece que está a punto de cometer un asalto.",/report Al ingresar a una casa mediante tp  mi personaje apareció bajo el suelo y no puedo moverme solicito asistencia por favor.,"/auxilio Continúo en la clínica con heridas tras caída de caballo sin respuesta médica. 

/ooc ¿Hay médicos disponibles para atender en la clínica?",Eh roleado en La Herencia Rp Tierra Caliente Rp Redencion Rp Westlands Origins Rp,,,,,,,,"Facilita que otros jugadores interactúen con el entorno usar cobertura, buscar recursos etc.",Sí cambiaría varias cosas porque tal como está planteado rompe normas comunes de Roleplay  puede considerarse PK masivo  DM  forzar rol además de ser demasiado extremo sin desarrollo previo.,"Tu personaje debe tener una razón clara para comprarla
vivir negocio refugio inversión etc y tambien tiene que tener el dinero para comprar la propiedad ic ",El error principal del rol está en que forzaste una situación de PK sin escalado ni justificación válida,sí se puede enviar un /auxilio desde una zona sin testigo pero con matices importantes ,Sí ese rol se salta varios aspectos de la normativa usar MD para comentar o criticar rompe la inmersión.,NO,No no puedes ejecutarla y la razón es normativa Fue un derribo sin querer,Si un jugador se desconecta durante un rol en curso hay que actuar con cabeza fría y siguiendo normativa básica de RP.,"Antes de secuestrar debe haber una razón clara deuda venganza negociación trama etc
Se debe advertir o amenazar al objetivo","
Si un jugador se desconecta durante un rol en curso hay que actuar con cabeza fría y siguiendo normativa básica de RP.
","
El error principal del rol está en que forzaste una situación de PK sin escalado ni justificación válida
",Evasion de rol es cuando tu vez que ya un rol esta en proceso y tu te metes a ese rol que ya se esta haciendo ,Sí cambiaría varias cosas porque tal como está planteado rompe normas comunes de Roleplay  puede considerarse PK masivo  DM  forzar rol además de ser demasiado extremo sin desarrollo previo.,"Disparar y decidir que el enemigo cae, muere o queda inmovilizado sin que tenga oportunidad de reaccionar.",No No es correcto,Se debe actuar roleando tu enfermedad y condicion siempre tienes que estar roleando todo ic ,"
Disparar y decidir que el enemigo cae, muere o queda inmovilizado sin que tenga oportunidad de reaccionar.
",No este rol no es correcto porque se concidera MG no puedes pasar algo que tu estas viendo por un stream a el ic porque podrias ser sancionado o advertido por un administrador porque esta mal que hagan eso.,
2/3/2026 23:18:26,javitorro43@gmail.com,javitor45 / homelander,6/5/2007,javier / Homelander,-les apunto con mi revolver-esto es un asalto nadie se mueva! /el de testigo seria :-trata de escapar sin que se de cuenta y va a por el sheriff a pedir ayuda:,me iria a fuera de personaje a pedir ayuda a un staff o quien pueda,esperar,si pero en discord casi nunca en juegos,,,,,,,,"las escenas de entorno son para ver lo que pasa en el entorno para relajarse por ejemplo -veo el atardecer- algo asi pero esta bien
",no la verdad esta bien aunque me gustaria mas tipo como de venganza que de niño perdi a mis padres y mi personaje a pasado años para tener venganza y aun no encuentra al asesino de sus padres,"el dinero quien la vende y saber rolear bien
",pues la verdad no lo veo jaja o no se,no no se puede,si el que uno tiene que tener empatia y ser bueno con las otras personas y no criticarlas por privado,creo que no,la verdad no se,avisar al staf o esperar,no se muy ben,esperar,esper ya lo responde,evasion de rol es simplemente irse de un rol y para evitarlo simplemente non se pero ese no tiene espiritu de roleador,ya lo respondi,creerse mas fuerte que todos y soo seguir su camino,no porque el problema se debe solucionar en el rol no fuera de el,"pues con esa dispacacidad o condicion
",creerse fuerte y no seced ante nada ni escushar,no no es correcto yo lo ignoraria y saldria y esperar a que lo digan a la cara,